EVENT_ID,CZ_NAME_STR,BEGIN_LOCATION,BEGIN_DATE,BEGIN_TIME,EVENT_TYPE,MAGNITUDE,TOR_F_SCALE,DEATHS_DIRECT,INJURIES_DIRECT,DAMAGE_PROPERTY_NUM,DAMAGE_CROPS_NUM,STATE_ABBR,CZ_TIMEZONE,MAGNITUDE_TYPE,EPISODE_ID,CZ_TYPE,CZ_FIPS,WFO,INJURIES_INDIRECT,DEATHS_INDIRECT,SOURCE,FLOOD_CAUSE,TOR_LENGTH,TOR_WIDTH,BEGIN_RANGE,BEGIN_AZIMUTH,END_RANGE,END_AZIMUTH,END_LOCATION,END_DATE,END_TIME,BEGIN_LAT,BEGIN_LON,END_LAT,END_LON,EVENT_NARRATIVE,EPISODE_NARRATIVE,ABSOLUTE_ROWNUMBER
1088652,COOK CO.,LEMONT,03/31/2023,1917,Thunderstorm Wind,52.00, ,0,0,0,0,IL,CST-6,EG,178474,C,31,LOT,0,0,Trained Spotter, , , ,2,W,2,W,LEMONT,03/31/2023,1917,41.6728,-88.0292,41.6728,-88.0292,"A semi truck was blown over on I-355 as it crossed the Des Plaines River north of Lemont. Wind magnitude and time were estimated based on radar.","During the afternoon and evening of the 31st, a wave of severe thunderstorms produced numerous tornadoes, severe hail, extensive wind damage, and localized flooding across northern and northeastern Illinois. A total of 37 tornadoes were confirmed across the state. The NWS Chicago office tied a record for the most tornadoes to occur in a single calendar day within the office's county warning area with 22, 17 of which occurred in Illinois. One EF-2 tornado occurred in south-central Lee County and two others in northwest Indiana. Some of the more notable damage includes multiple semi trucks blown over, a garage that had been completely destroyed southeast of Amboy, and the partial roof collapse of the Apollo Theatre in Belvidere which unfortunately resulted in one fatality and 40 injuries.",1
1088659,COOK CO.,PLUM GROVE ESTATES,03/31/2023,1919,Thunderstorm Wind,52.00, ,0,0,0,0,IL,CST-6,EG,178474,C,31,LOT,0,0,Public, , , ,1,SE,1,SE,PLUM GROVE ESTATES,03/31/2023,1919,42.0613,-88.0201,42.0613,-88.0201,"Power lines were blown down along Algonquin Rd in Rolling Meadows. Wind magnitude and time were estimated based on radar.","During the afternoon and evening of the 31st, a wave of severe thunderstorms produced numerous tornadoes, severe hail, extensive wind damage, and localized flooding across northern and northeastern Illinois. A total of 37 tornadoes were confirmed across the state. The NWS Chicago office tied a record for the most tornadoes to occur in a single calendar day within the office's county warning area with 22, 17 of which occurred in Illinois. One EF-2 tornado occurred in south-central Lee County and two others in northwest Indiana. Some of the more notable damage includes multiple semi trucks blown over, a garage that had been completely destroyed southeast of Amboy, and the partial roof collapse of the Apollo Theatre in Belvidere which unfortunately resulted in one fatality and 40 injuries.",2
1087010,COOK CO.,LEMONT,03/31/2023,1920,Thunderstorm Wind,53.00, ,0,0,0,0,IL,CST-6,MG,178474,C,31,LOT,0,0,Emergency Manager, , , ,2,SE,2,SE,LEMONT,03/31/2023,1920,41.6571,-87.9758,41.6571,-87.9758,"A 61 mph gust was measured at the Lemont Emergency Operations Center.","During the afternoon and evening of the 31st, a wave of severe thunderstorms produced numerous tornadoes, severe hail, extensive wind damage, and localized flooding across northern and northeastern Illinois. A total of 37 tornadoes were confirmed across the state. The NWS Chicago office tied a record for the most tornadoes to occur in a single calendar day within the office's county warning area with 22, 17 of which occurred in Illinois. One EF-2 tornado occurred in south-central Lee County and two others in northwest Indiana. Some of the more notable damage includes multiple semi trucks blown over, a garage that had been completely destroyed southeast of Amboy, and the partial roof collapse of the Apollo Theatre in Belvidere which unfortunately resulted in one fatality and 40 injuries.",3
1088766,COOK CO.,MT PROSPECT,03/31/2023,1924,Thunderstorm Wind,52.00, ,0,0,0,0,IL,CST-6,EG,178474,C,31,LOT,0,0,Trained Spotter, , , ,1,NNW,1,NNW,MT PROSPECT,03/31/2023,1924,42.0815,-87.9364,42.0815,-87.9364,"A tree was blown down on the northeast corner of Rand Rd and Elmhurst Rd in Mt. Prospect. Wind magnitude and time were estimated based on radar.","During the afternoon and evening of the 31st, a wave of severe thunderstorms produced numerous tornadoes, severe hail, extensive wind damage, and localized flooding across northern and northeastern Illinois. A total of 37 tornadoes were confirmed across the state. The NWS Chicago office tied a record for the most tornadoes to occur in a single calendar day within the office's county warning area with 22, 17 of which occurred in Illinois. One EF-2 tornado occurred in south-central Lee County and two others in northwest Indiana. Some of the more notable damage includes multiple semi trucks blown over, a garage that had been completely destroyed southeast of Amboy, and the partial roof collapse of the Apollo Theatre in Belvidere which unfortunately resulted in one fatality and 40 injuries.",4
1088767,COOK CO.,DUNNING,03/31/2023,1928,Thunderstorm Wind,52.00, ,0,0,0,0,IL,CST-6,EG,178474,C,31,LOT,0,0,Public, , , ,0,NNW,0,NNW,DUNNING,03/31/2023,1928,41.9416,-87.8107,41.9416,-87.8107,"A tree was blown down in Chicago's Dunning neighborhood. Wind magnitude and time were estimated based on radar.","During the afternoon and evening of the 31st, a wave of severe thunderstorms produced numerous tornadoes, severe hail, extensive wind damage, and localized flooding across northern and northeastern Illinois. A total of 37 tornadoes were confirmed across the state. The NWS Chicago office tied a record for the most tornadoes to occur in a single calendar day within the office's county warning area with 22, 17 of which occurred in Illinois. One EF-2 tornado occurred in south-central Lee County and two others in northwest Indiana. Some of the more notable damage includes multiple semi trucks blown over, a garage that had been completely destroyed southeast of Amboy, and the partial roof collapse of the Apollo Theatre in Belvidere which unfortunately resulted in one fatality and 40 injuries.",5
1087011,COOK CO.,BURBANK,03/31/2023,1930,Thunderstorm Wind,52.00, ,0,0,0,0,IL,CST-6,MG,178474,C,31,LOT,0,0,COOP Observer, , , ,1,WSW,1,WSW,BURBANK,03/31/2023,1930,41.7372,-87.7775,41.7372,-87.7775,"","During the afternoon and evening of the 31st, a wave of severe thunderstorms produced numerous tornadoes, severe hail, extensive wind damage, and localized flooding across northern and northeastern Illinois. A total of 37 tornadoes were confirmed across the state. The NWS Chicago office tied a record for the most tornadoes to occur in a single calendar day within the office's county warning area with 22, 17 of which occurred in Illinois. One EF-2 tornado occurred in south-central Lee County and two others in northwest Indiana. Some of the more notable damage includes multiple semi trucks blown over, a garage that had been completely destroyed southeast of Amboy, and the partial roof collapse of the Apollo Theatre in Belvidere which unfortunately resulted in one fatality and 40 injuries.",6
1088768,COOK CO.,BURBANK,03/31/2023,1931,Thunderstorm Wind,52.00, ,0,0,0,0,IL,CST-6,EG,178474,C,31,LOT,0,0,Public, , , ,1,S,1,S,BURBANK,03/31/2023,1931,41.7304,-87.758,41.7304,-87.758,"A pine tree was uprooted on S 55th Ave near W 89th St in Burbank. Wind magnitude and time were estimated based on radar.","During the afternoon and evening of the 31st, a wave of severe thunderstorms produced numerous tornadoes, severe hail, extensive wind damage, and localized flooding across northern and northeastern Illinois. A total of 37 tornadoes were confirmed across the state. The NWS Chicago office tied a record for the most tornadoes to occur in a single calendar day within the office's county warning area with 22, 17 of which occurred in Illinois. One EF-2 tornado occurred in south-central Lee County and two others in northwest Indiana. Some of the more notable damage includes multiple semi trucks blown over, a garage that had been completely destroyed southeast of Amboy, and the partial roof collapse of the Apollo Theatre in Belvidere which unfortunately resulted in one fatality and 40 injuries.",7
1087012,COOK CO.,(MDW) CHICAGO MIDWAY AIRPORT,03/31/2023,1932,Thunderstorm Wind,54.00, ,0,0,0,0,IL,CST-6,MG,178474,C,31,LOT,0,0,ASOS, , , ,0,N,0,N,(MDW) CHICAGO MIDWAY AIRPORT,03/31/2023,1932,41.78,-87.75,41.78,-87.75,"","During the afternoon and evening of the 31st, a wave of severe thunderstorms produced numerous tornadoes, severe hail, extensive wind damage, and localized flooding across northern and northeastern Illinois. A total of 37 tornadoes were confirmed across the state. The NWS Chicago office tied a record for the most tornadoes to occur in a single calendar day within the office's county warning area with 22, 17 of which occurred in Illinois. One EF-2 tornado occurred in south-central Lee County and two others in northwest Indiana. Some of the more notable damage includes multiple semi trucks blown over, a garage that had been completely destroyed southeast of Amboy, and the partial roof collapse of the Apollo Theatre in Belvidere which unfortunately resulted in one fatality and 40 injuries.",8
1117686,COOK CO.,RICHTON PARK,03/31/2023,1935,Thunderstorm Wind,52.00, ,0,0,0,0,IL,CST-6,EG,178474,C,31,LOT,0,0,Social Media, , , ,1,WNW,1,WNW,RICHTON PARK,03/31/2023,1935,41.4826,-87.7143,41.4826,-87.7143,"A photo was shared via Twitter that shows a portion of a parapet wall that had been blown off of a strip mall on the southwest corner of Governors Hwy and Sauk Trail in Richton Park. Wind magnitude and time were estimated based on radar.","During the afternoon and evening of the 31st, a wave of severe thunderstorms produced numerous tornadoes, severe hail, extensive wind damage, and localized flooding across northern and northeastern Illinois. A total of 37 tornadoes were confirmed across the state. The NWS Chicago office tied a record for the most tornadoes to occur in a single calendar day within the office's county warning area with 22, 17 of which occurred in Illinois. One EF-2 tornado occurred in south-central Lee County and two others in northwest Indiana. Some of the more notable damage includes multiple semi trucks blown over, a garage that had been completely destroyed southeast of Amboy, and the partial roof collapse of the Apollo Theatre in Belvidere which unfortunately resulted in one fatality and 40 injuries.",9
1088769,COOK CO.,RICHTON PARK,03/31/2023,1935,Thunderstorm Wind,52.00, ,0,0,0,0,IL,CST-6,EG,178474,C,31,LOT,0,0,Trained Spotter, , , ,1,ENE,1,ENE,RICHTON PARK,03/31/2023,1935,41.4846,-87.6874,41.4846,-87.6874,"An 11-inch branch broke off of a tree on Lakewood Blvd in Park Forest. Wind magnitude and time were estimated based on radar.","During the afternoon and evening of the 31st, a wave of severe thunderstorms produced numerous tornadoes, severe hail, extensive wind damage, and localized flooding across northern and northeastern Illinois. A total of 37 tornadoes were confirmed across the state. The NWS Chicago office tied a record for the most tornadoes to occur in a single calendar day within the office's county warning area with 22, 17 of which occurred in Illinois. One EF-2 tornado occurred in south-central Lee County and two others in northwest Indiana. Some of the more notable damage includes multiple semi trucks blown over, a garage that had been completely destroyed southeast of Amboy, and the partial roof collapse of the Apollo Theatre in Belvidere which unfortunately resulted in one fatality and 40 injuries.",10
1085057,COOK CO.,WESTCHESTER,04/04/2023,1249,Thunderstorm Wind,60.00, ,0,0,0,0,IL,CST-6,MG,177938,C,31,LOT,0,0,Public, , , ,1,NW,1,NW,WESTCHESTER,04/04/2023,1249,41.86,-87.89,41.86,-87.89,"A private weather station measured a wind gust to 69 mph from the west.","Scattered thunderstorms moved across portions of northern Illinois during the afternoon of April 4th producing large hail and wind damage.  ||Additional isolated thunderstorms moved across parts of northern Illinois during the evening.  High winds occurred north of these storms during the evening, producing isolated wind damage.  Tree and power line damage was reported in Mendota along with a damaged roof.  A tree fell onto a house in Round Lake Beach causing its roof to collapse.  A wind gust to 66 mph was measured north of Leland.",11
1085061,COOK CO.,WESTCHESTER,04/04/2023,1252,Thunderstorm Wind,60.00, ,0,0,0,0,IL,CST-6,EG,177938,C,31,LOT,0,0,Emergency Manager, , , ,1,N,1,N,WESTCHESTER,04/04/2023,1252,41.86,-87.88,41.86,-87.88,"A few trees were uprooted and one tree was leaning on a garage in Westchester.","Scattered thunderstorms moved across portions of northern Illinois during the afternoon of April 4th producing large hail and wind damage.  ||Additional isolated thunderstorms moved across parts of northern Illinois during the evening.  High winds occurred north of these storms during the evening, producing isolated wind damage.  Tree and power line damage was reported in Mendota along with a damaged roof.  A tree fell onto a house in Round Lake Beach causing its roof to collapse.  A wind gust to 66 mph was measured north of Leland.",12
1085071,COOK CO.,OAK PARK,04/04/2023,1254,Thunderstorm Wind,65.00, ,0,0,0,0,IL,CST-6,EG,177938,C,31,LOT,0,0,Trained Spotter, , , ,1,W,1,W,OAK PARK,04/04/2023,1254,41.8886,-87.7945,41.8886,-87.7945,"Numerous trees were uprooted and windows were blown out near Lake Street and Oak Park Avenue.  Shingles were blown off a church roof along Lake Street.","Scattered thunderstorms moved across portions of northern Illinois during the afternoon of April 4th producing large hail and wind damage.  ||Additional isolated thunderstorms moved across parts of northern Illinois during the evening.  High winds occurred north of these storms during the evening, producing isolated wind damage.  Tree and power line damage was reported in Mendota along with a damaged roof.  A tree fell onto a house in Round Lake Beach causing its roof to collapse.  A wind gust to 66 mph was measured north of Leland.",13
1085074,COOK CO.,RIVER FOREST,04/04/2023,1255,Thunderstorm Wind,55.00, ,0,0,0,0,IL,CST-6,EG,177938,C,31,LOT,0,0,Broadcast Media, , , ,1,NNW,1,NNW,RIVER FOREST,04/04/2023,1255,41.9068,-87.8251,41.9068,-87.8251,"A photo showed a large tree limb snapped, blocking Thatcher Avenue south of North Avenue.","Scattered thunderstorms moved across portions of northern Illinois during the afternoon of April 4th producing large hail and wind damage.  ||Additional isolated thunderstorms moved across parts of northern Illinois during the evening.  High winds occurred north of these storms during the evening, producing isolated wind damage.  Tree and power line damage was reported in Mendota along with a damaged roof.  A tree fell onto a house in Round Lake Beach causing its roof to collapse.  A wind gust to 66 mph was measured north of Leland.",14
1085081,COOK CO.,HERMOSA,04/04/2023,1300,Thunderstorm Wind,65.00, ,0,0,0,0,IL,CST-6,EG,177938,C,31,LOT,0,0,Social Media, , , ,1,SW,1,SW,HERMOSA,04/04/2023,1300,41.9122,-87.7408,41.9122,-87.7408,"A photo shared on social media showed a large section of a roof blown off a building in the 4500 block of Grand Avenue.","Scattered thunderstorms moved across portions of northern Illinois during the afternoon of April 4th producing large hail and wind damage.  ||Additional isolated thunderstorms moved across parts of northern Illinois during the evening.  High winds occurred north of these storms during the evening, producing isolated wind damage.  Tree and power line damage was reported in Mendota along with a damaged roof.  A tree fell onto a house in Round Lake Beach causing its roof to collapse.  A wind gust to 66 mph was measured north of Leland.",15
1087798,COOK CO.,HUMBOLDT PARK,04/04/2023,1301,Thunderstorm Wind,60.00, ,0,0,0,0,IL,CST-6,EG,177938,C,31,LOT,0,0,Newspaper, , , ,1,SE,1,SE,HUMBOLDT PARK,04/04/2023,1301,41.8938,-87.7117,41.8938,-87.7117,"A large tree was blown down blocking the road and damaging at least one car in the 700 block of Homan Avenue.","Scattered thunderstorms moved across portions of northern Illinois during the afternoon of April 4th producing large hail and wind damage.  ||Additional isolated thunderstorms moved across parts of northern Illinois during the evening.  High winds occurred north of these storms during the evening, producing isolated wind damage.  Tree and power line damage was reported in Mendota along with a damaged roof.  A tree fell onto a house in Round Lake Beach causing its roof to collapse.  A wind gust to 66 mph was measured north of Leland.",16
1085326,COOK CO.,HUMBOLDT PARK,04/04/2023,1301,Thunderstorm Wind,60.00, ,0,0,0,0,IL,CST-6,EG,177938,C,31,LOT,0,0,Fire Department/Rescue, , , ,0,NNE,0,NNE,HUMBOLDT PARK,04/04/2023,1301,41.9028,-87.7178,41.9028,-87.7178,"Roof damage was reported near Grand Avenue and Division Street.","Scattered thunderstorms moved across portions of northern Illinois during the afternoon of April 4th producing large hail and wind damage.  ||Additional isolated thunderstorms moved across parts of northern Illinois during the evening.  High winds occurred north of these storms during the evening, producing isolated wind damage.  Tree and power line damage was reported in Mendota along with a damaged roof.  A tree fell onto a house in Round Lake Beach causing its roof to collapse.  A wind gust to 66 mph was measured north of Leland.",17
1085332,COOK CO.,WICKER PARK,04/04/2023,1304,Thunderstorm Wind,55.00, ,0,0,0,0,IL,CST-6,EG,177938,C,31,LOT,0,0,Social Media, , , ,0,N,0,N,WICKER PARK,04/04/2023,1304,41.91,-87.68,41.91,-87.68,"A photo shared on social media showed large tree limbs blown down onto cars in Wicker Park.  The strong winds reportedly only lasted 30 seconds in an area of no rain.","Scattered thunderstorms moved across portions of northern Illinois during the afternoon of April 4th producing large hail and wind damage.  ||Additional isolated thunderstorms moved across parts of northern Illinois during the evening.  High winds occurred north of these storms during the evening, producing isolated wind damage.  Tree and power line damage was reported in Mendota along with a damaged roof.  A tree fell onto a house in Round Lake Beach causing its roof to collapse.  A wind gust to 66 mph was measured north of Leland.",18
1085333,COOK CO.,BUCKTOWN,04/04/2023,1305,Thunderstorm Wind,60.00, ,0,0,0,0,IL,CST-6,EG,177938,C,31,LOT,0,0,Public, , , ,0,NNE,0,NNE,BUCKTOWN,04/04/2023,1305,41.9264,-87.6776,41.9264,-87.6776,"Roofing material was peeled off of a factory and deposited in the nearby Chicago River.","Scattered thunderstorms moved across portions of northern Illinois during the afternoon of April 4th producing large hail and wind damage.  ||Additional isolated thunderstorms moved across parts of northern Illinois during the evening.  High winds occurred north of these storms during the evening, producing isolated wind damage.  Tree and power line damage was reported in Mendota along with a damaged roof.  A tree fell onto a house in Round Lake Beach causing its roof to collapse.  A wind gust to 66 mph was measured north of Leland.",19
1085337,COOK CO.,GOLD COAST,04/04/2023,1306,Thunderstorm Wind,60.00, ,0,0,0,0,IL,CST-6,EG,177938,C,31,LOT,0,0,Fire Department/Rescue, , , ,0,WNW,0,WNW,GOLD COAST,04/04/2023,1306,41.9112,-87.6347,41.9112,-87.6347,"Roof damage was reported near North Avenue and Wells Street.","Scattered thunderstorms moved across portions of northern Illinois during the afternoon of April 4th producing large hail and wind damage.  ||Additional isolated thunderstorms moved across parts of northern Illinois during the evening.  High winds occurred north of these storms during the evening, producing isolated wind damage.  Tree and power line damage was reported in Mendota along with a damaged roof.  A tree fell onto a house in Round Lake Beach causing its roof to collapse.  A wind gust to 66 mph was measured north of Leland.",20
1087799,COOK CO.,LINCOLN PARK,04/04/2023,1306,Thunderstorm Wind,60.00, ,0,0,0,0,IL,CST-6,EG,177938,C,31,LOT,0,0,Broadcast Media, , , ,0,NNE,0,NNE,LINCOLN PARK,04/04/2023,1306,41.9237,-87.6478,41.9237,-87.6478,"A large tree was uprooted and fell onto three parked cars on Belden Avenue between Lincoln Avenue and Halsted Street.","Scattered thunderstorms moved across portions of northern Illinois during the afternoon of April 4th producing large hail and wind damage.  ||Additional isolated thunderstorms moved across parts of northern Illinois during the evening.  High winds occurred north of these storms during the evening, producing isolated wind damage.  Tree and power line damage was reported in Mendota along with a damaged roof.  A tree fell onto a house in Round Lake Beach causing its roof to collapse.  A wind gust to 66 mph was measured north of Leland.",21
1085351,COOK CO.,LAKEVIEW,04/04/2023,1307,Thunderstorm Wind,55.00, ,0,0,0,0,IL,CST-6,EG,177938,C,31,LOT,0,0,Social Media, , , ,1,N,1,N,LAKEVIEW,04/04/2023,1307,41.95,-87.66,41.95,-87.66,"A photo shared on social media showed a tree roughly one foot in diameter snapped at its base and down on a car.","Scattered thunderstorms moved across portions of northern Illinois during the afternoon of April 4th producing large hail and wind damage.  ||Additional isolated thunderstorms moved across parts of northern Illinois during the evening.  High winds occurred north of these storms during the evening, producing isolated wind damage.  Tree and power line damage was reported in Mendota along with a damaged roof.  A tree fell onto a house in Round Lake Beach causing its roof to collapse.  A wind gust to 66 mph was measured north of Leland.",22
1086560,COOK CO.,STREAMWOOD,04/05/2023,556,Thunderstorm Wind,60.00, ,0,0,0,0,IL,CST-6,EG,177940,C,31,LOT,0,0,Trained Spotter, , , ,2,WNW,2,WNW,STREAMWOOD,04/05/2023,556,42.0451,-88.21,42.0451,-88.21,"Large trees and tree limbs were blown down along Golf Road between Rohrssen Road and Route 59.","Scattered thunderstorms moved across northern Illinois during the morning of April 5th producing localized wind damage.",23
1086549,COOK CO.,ROSELLE,04/05/2023,603,Thunderstorm Wind,53.00, ,0,0,0,0,IL,CST-6,MG,177940,C,31,LOT,0,0,Public, , , ,1,N,1,N,ROSELLE,04/05/2023,603,41.99,-88.08,41.99,-88.08,"A private weather station measured a wind gust to 61 mph.","Scattered thunderstorms moved across northern Illinois during the morning of April 5th producing localized wind damage.",24
1086408,COOK CO.,ROSELLE,04/20/2023,1721,Thunderstorm Wind,70.00, ,0,0,0,0,IL,CST-6,MG,177945,C,31,LOT,0,0,Public, , , ,1,N,1,N,ROSELLE,04/20/2023,1721,41.99,-88.08,41.99,-88.08,"A private weather station measured a wind gust to 81 mph.","Scattered thunderstorms moved across northern Illinois during the afternoon of April 20th producing large hail and wind damage.",25
1086420,COOK CO.,OAK LAWN,04/20/2023,1759,Thunderstorm Wind,50.00, ,0,0,0,0,IL,CST-6,EG,177945,C,31,LOT,0,0,Social Media, , , ,1,SSE,1,SSE,OAK LAWN,04/20/2023,1759,41.7,-87.74,41.7,-87.74,"A photo shared on social media showed a healthy tree limb roughly five inches in diameter snapped near Cicero Avenue and 106th Street.","Scattered thunderstorms moved across northern Illinois during the afternoon of April 20th producing large hail and wind damage.",26
1086424,COOK CO.,BRAINERD,04/20/2023,1804,Thunderstorm Wind,55.00, ,0,0,0,0,IL,CST-6,EG,177945,C,31,LOT,0,0,Emergency Manager, , , ,1,WNW,1,WNW,BRAINERD,04/20/2023,1804,41.7338,-87.6591,41.7338,-87.6591,"Trees were blown down onto a house in the 8800 block of Bishop Avenue.","Scattered thunderstorms moved across northern Illinois during the afternoon of April 20th producing large hail and wind damage.",27
1086427,COOK CO.,CHICAGO LAWN,04/20/2023,1804,Thunderstorm Wind,55.00, ,0,0,0,0,IL,CST-6,EG,177945,C,31,LOT,0,0,Emergency Manager, , , ,0,ENE,0,ENE,CHICAGO LAWN,04/20/2023,1804,41.7722,-87.685,41.7722,-87.685,"Trees and power lines were blown down in the 2400 block of Marquette Road.","Scattered thunderstorms moved across northern Illinois during the afternoon of April 20th producing large hail and wind damage.",28
1096078,COOK CO.,CICERO,06/25/2023,46,Thunderstorm Wind,50.00, ,0,0,0,0,IL,CST-6,EG,179929,C,31,LOT,0,0,Broadcast Media, , , ,1,SW,1,SW,CICERO,06/25/2023,46,41.8399,-87.7734,41.8399,-87.7734,"A tree was blown down near 28th Street and Austin Blvd.","A line of thunderstorms moved across northern Illinois during the late evening of June 24th and the early morning of June 25th producing scattered wind damage.  ||High winds during the afternoon blew down a tree near the intersection of West Pells Street and American Street in Paxton.  The fallen tree damaged utility poles along 3 blocks.",29
1096081,COOK CO.,CICERO,06/25/2023,50,Thunderstorm Wind,55.00, ,0,0,0,0,IL,CST-6,EG,179929,C,31,LOT,0,0,Broadcast Media, , , ,0,N,0,N,CICERO,06/25/2023,50,41.85,-87.76,41.85,-87.76,"A tree and a utility pole were blown down onto a  car.","A line of thunderstorms moved across northern Illinois during the late evening of June 24th and the early morning of June 25th producing scattered wind damage.  ||High winds during the afternoon blew down a tree near the intersection of West Pells Street and American Street in Paxton.  The fallen tree damaged utility poles along 3 blocks.",30
1127017,COOK CO.,MORTON GROVE,07/05/2023,1354,Thunderstorm Wind,52.00, ,0,0,0,0,IL,CST-6,EG,184224,C,31,LOT,0,0,Broadcast Media, , , ,1,ESE,1,ESE,MORTON GROVE,07/05/2023,1354,42.0375,-87.7666,42.0375,-87.7666,"Local broadcast media relayed a report of multiple tree branches down in Morton Grove near Frontage Rd and I-94.","A cluster of strong thunderstorms brought damaging winds, torrential rainfall, and flash flooding to parts of northern Illinois during the afternoon and evening of July 5. Several rain gauges around the area recorded one to two inches of rain within a 30 minute period underneath some of these storms. The city of Chicago and its near-south and near-west suburbs were the areas hit hardest. Numerous reports were received of flooded roads, including a number of residential streets. Additionally, two firefighters were injured battling a fire caused by lightning striking a townhouse.",31
1127018,COOK CO.,WEST ROSELAND,07/05/2023,1356,Thunderstorm Wind,52.00, ,0,0,0,0,IL,CST-6,EG,184224,C,31,LOT,0,0,Public, , , ,1,E,1,E,WEST ROSELAND,07/05/2023,1356,41.688,-87.6109,41.688,-87.6109,"A large tree had fallen and landed on a building in the Roseland neighborhood of Chicago.","A cluster of strong thunderstorms brought damaging winds, torrential rainfall, and flash flooding to parts of northern Illinois during the afternoon and evening of July 5. Several rain gauges around the area recorded one to two inches of rain within a 30 minute period underneath some of these storms. The city of Chicago and its near-south and near-west suburbs were the areas hit hardest. Numerous reports were received of flooded roads, including a number of residential streets. Additionally, two firefighters were injured battling a fire caused by lightning striking a townhouse.",32
1127019,COOK CO.,MATTESON,07/05/2023,1409,Thunderstorm Wind,52.00, ,0,0,0,0,IL,CST-6,EG,184224,C,31,LOT,0,0,Public, , , ,1,WNW,1,WNW,MATTESON,07/05/2023,1409,41.5074,-87.7314,41.5074,-87.7314,"Downed power poles were reported out of Matteson.","A cluster of strong thunderstorms brought damaging winds, torrential rainfall, and flash flooding to parts of northern Illinois during the afternoon and evening of July 5. Several rain gauges around the area recorded one to two inches of rain within a 30 minute period underneath some of these storms. The city of Chicago and its near-south and near-west suburbs were the areas hit hardest. Numerous reports were received of flooded roads, including a number of residential streets. Additionally, two firefighters were injured battling a fire caused by lightning striking a townhouse.",33
1127020,COOK CO.,STONY ISLAND,07/05/2023,1805,Thunderstorm Wind,52.00, ,0,0,0,0,IL,CST-6,EG,184224,C,31,LOT,0,0,Law Enforcement, , , ,1,SE,1,SE,STONY ISLAND,07/05/2023,1805,41.7132,-87.5731,41.7132,-87.5731,"A large tree branch was blown down and blocking 101st St and Torrence Ave in the Vet's Park neighborhood of Chicago.","A cluster of strong thunderstorms brought damaging winds, torrential rainfall, and flash flooding to parts of northern Illinois during the afternoon and evening of July 5. Several rain gauges around the area recorded one to two inches of rain within a 30 minute period underneath some of these storms. The city of Chicago and its near-south and near-west suburbs were the areas hit hardest. Numerous reports were received of flooded roads, including a number of residential streets. Additionally, two firefighters were injured battling a fire caused by lightning striking a townhouse.",34
1127024,COOK CO.,LANSING,07/05/2023,1815,Thunderstorm Wind,52.00, ,0,0,0,0,IL,CST-6,EG,184224,C,31,LOT,0,0,Amateur Radio, , , ,1,WNW,1,WNW,LANSING,07/05/2023,1815,41.5648,-87.5602,41.5648,-87.5602,"A 15 inch diameter tree was downed near 182nd St and Violet Rd in Lansing.","A cluster of strong thunderstorms brought damaging winds, torrential rainfall, and flash flooding to parts of northern Illinois during the afternoon and evening of July 5. Several rain gauges around the area recorded one to two inches of rain within a 30 minute period underneath some of these storms. The city of Chicago and its near-south and near-west suburbs were the areas hit hardest. Numerous reports were received of flooded roads, including a number of residential streets. Additionally, two firefighters were injured battling a fire caused by lightning striking a townhouse.",35
1126600,COOK CO.,(MDW) CHICAGO MIDWAY AIRPORT,07/11/2023,1333,Thunderstorm Wind,59.00, ,0,0,0,0,IL,CST-6,MG,184186,C,31,LOT,0,0,ASOS, , , ,0,N,0,N,(MDW) CHICAGO MIDWAY AIRPORT,07/11/2023,1333,41.78,-87.75,41.78,-87.75,"","During the afternoon of July 11, a broken line of strong thunderstorms moved across the Chicago metro. While most of these storms remained sub-severe, one cell stood out among the rest producing a 68 mph wind gust recorded by the ASOS at Chicago Midway Airport and downing nearby trees and power lines. One home was also damaged when an attached garage was struck by lightning.",36
1140655,COOK CO.,CLEARING,07/11/2023,1333,Thunderstorm Wind,56.00, ,0,0,0,0,IL,CST-6,EG,184186,C,31,LOT,0,0,Public, , , ,1,NNE,1,NNE,CLEARING,07/11/2023,1333,41.7909,-87.7659,41.7909,-87.7659,"Trees and power lines were reported down near Midway Airport.","During the afternoon of July 11, a broken line of strong thunderstorms moved across the Chicago metro. While most of these storms remained sub-severe, one cell stood out among the rest producing a 68 mph wind gust recorded by the ASOS at Chicago Midway Airport and downing nearby trees and power lines. One home was also damaged when an attached garage was struck by lightning.",37
1126675,COOK CO.,HANOVER PARK,07/12/2023,1742,Thunderstorm Wind,52.00, ,0,0,0,0,IL,CST-6,EG,184189,C,31,LOT,0,0,NWS Storm Survey, , , ,1,NNW,1,NNE,HANOVER PARK,07/12/2023,1743,42.0127,-88.1445,42.0151,-88.1347,"Immediately downstream of where the Streamwood tornado lifted was a concentrated area of tree damage that was evident from S Barrington Rd extending eastward to Carlisle Dr. The orientation of the damage and eyewitness accounts suggest that this was caused by straight line winds as opposed to a tornado.","During the evening of July 12, scattered thunderstorms dropped 13 tornadoes across far northeast Illinois, primarily within the west of northwest suburbs of Chicago. Of these 13 tornadoes, three were determined to be EF-1 with the remaining 10 being EF-0.",38
1126966,COOK CO.,(O6C) SCHAUMBURG REGIONAL AIRPORT,07/14/2023,2018,Thunderstorm Wind,56.00, ,0,0,0,0,IL,CST-6,EG,184205,C,31,LOT,0,0,Trained Spotter, , , ,1,ENE,1,ENE,(O6C) SCHAUMBURG REGIONAL AIRPORT,07/14/2023,2018,41.9933,-88.0842,41.9933,-88.0842,"A trained spotter estimated 65-70 mph wind gusts near Roselle.","During the evening of July 14, severe thunderstorms brought damaging winds to northern Illinois as well as one EF-0 tornado that tracked from Warrenville to Glen Ellyn.",39
1126995,COOK CO.,BARTLETT,07/14/2023,2020,Thunderstorm Wind,61.00, ,0,0,0,0,IL,CST-6,EG,184205,C,31,LOT,0,0,Law Enforcement, , , ,1,SSW,1,SSW,BARTLETT,07/14/2023,2020,41.9918,-88.1847,41.9918,-88.1847,"Trees and power lines were downed in Bartlett.","During the evening of July 14, severe thunderstorms brought damaging winds to northern Illinois as well as one EF-0 tornado that tracked from Warrenville to Glen Ellyn.",40
1126999,COOK CO.,(O6C) SCHAUMBURG REGIONAL AIRPORT,07/14/2023,2020,Thunderstorm Wind,61.00, ,0,0,0,0,IL,CST-6,EG,184205,C,31,LOT,0,0,Trained Spotter, , , ,1,ENE,1,ENE,(O6C) SCHAUMBURG REGIONAL AIRPORT,07/14/2023,2020,41.9925,-88.0845,41.9925,-88.0845,"Numerous medium sized tree branches were blown down in Roselle near the corner of May Street and Arthur Avenue. Power was also taken out on the west side of May Street.","During the evening of July 14, severe thunderstorms brought damaging winds to northern Illinois as well as one EF-0 tornado that tracked from Warrenville to Glen Ellyn.",41
1127000,COOK CO.,SCHAUMBURG,07/14/2023,2022,Thunderstorm Wind,61.00, ,0,0,0,0,IL,CST-6,EG,184205,C,31,LOT,0,0,Public, , , ,1,SE,1,SE,SCHAUMBURG,07/14/2023,2022,42.0183,-88.0655,42.0183,-88.0655,"A photo shared on social media showed a one foot diameter tree limb that had penetrated the windshield of a car in Schaumburg.","During the evening of July 14, severe thunderstorms brought damaging winds to northern Illinois as well as one EF-0 tornado that tracked from Warrenville to Glen Ellyn.",42
1126964,COOK CO.,ELK GROVE VILLAGE,07/14/2023,2025,Thunderstorm Wind,70.00, ,0,0,0,0,IL,CST-6,EG,184205,C,31,LOT,0,0,NWS Storm Survey, , , ,2,WNW,2,WNW,ELK GROVE VILLAGE,07/14/2023,2025,42.0124,-87.9966,42.0124,-87.9966,"An NWS storm survey confirmed that widespread tree damage across Elk Grove Village was caused by strong straight-line winds. Damage was most severe and concentrated in the vicinity of Elk Grove High School, where peak winds were estimated to be about 80 mph.","During the evening of July 14, severe thunderstorms brought damaging winds to northern Illinois as well as one EF-0 tornado that tracked from Warrenville to Glen Ellyn.",43
1127001,COOK CO.,SCHAUMBURG,07/14/2023,2026,Thunderstorm Wind,61.00, ,0,0,0,0,IL,CST-6,EG,184205,C,31,LOT,0,0,Trained Spotter, , , ,1,SE,1,SE,SCHAUMBURG,07/14/2023,2026,42.0178,-88.0649,42.0178,-88.0649,"Multiple large tree limbs were downed across the east side of Schaumburg.","During the evening of July 14, severe thunderstorms brought damaging winds to northern Illinois as well as one EF-0 tornado that tracked from Warrenville to Glen Ellyn.",44
1127002,COOK CO.,MT PROSPECT,07/14/2023,2029,Thunderstorm Wind,61.00, ,0,0,0,0,IL,CST-6,EG,184205,C,31,LOT,0,0,Trained Spotter, , , ,2,S,2,S,MT PROSPECT,07/14/2023,2029,42.0451,-87.9288,42.0451,-87.9288,"Numerous tree limbs, some as long as 30 feet, were downed in Mount Prospect.","During the evening of July 14, severe thunderstorms brought damaging winds to northern Illinois as well as one EF-0 tornado that tracked from Warrenville to Glen Ellyn.",45
1127003,COOK CO.,MT PROSPECT,07/14/2023,2033,Thunderstorm Wind,61.00, ,0,0,0,0,IL,CST-6,EG,184205,C,31,LOT,0,0,Public, , , ,1,SE,1,SE,MT PROSPECT,07/14/2023,2033,42.0592,-87.9144,42.0592,-87.9144,"Several trees were reported down in the Mount Prospect and Des Plaines area.","During the evening of July 14, severe thunderstorms brought damaging winds to northern Illinois as well as one EF-0 tornado that tracked from Warrenville to Glen Ellyn.",46
1127004,COOK CO.,JEFFERSON PARK,07/14/2023,2035,Thunderstorm Wind,52.00, ,0,0,0,0,IL,CST-6,EG,184205,C,31,LOT,0,0,Social Media, , , ,1,SW,1,SW,JEFFERSON PARK,07/14/2023,2035,41.9721,-87.7795,41.9721,-87.7795,"Photos shared on social media showed large tree limbs downed onto a garage in the Jefferson Park neighborhood of Chicago.","During the evening of July 14, severe thunderstorms brought damaging winds to northern Illinois as well as one EF-0 tornado that tracked from Warrenville to Glen Ellyn.",47
1127005,COOK CO.,UKRAINIAN VILLAGE,07/14/2023,2040,Thunderstorm Wind,52.00, ,0,0,0,0,IL,CST-6,EG,184205,C,31,LOT,0,0,Law Enforcement, , , ,1,NNW,1,NNW,UKRAINIAN VILLAGE,07/14/2023,2040,41.9088,-87.6979,41.9088,-87.6979,"A large tree limb was down on a couple of cars on California Ave immediately east of Humboldt Park.","During the evening of July 14, severe thunderstorms brought damaging winds to northern Illinois as well as one EF-0 tornado that tracked from Warrenville to Glen Ellyn.",48
1127006,COOK CO.,MCKINLEY PARK,07/14/2023,2040,Thunderstorm Wind,52.00, ,0,0,0,0,IL,CST-6,EG,184205,C,31,LOT,0,0,Law Enforcement, , , ,1,NNW,1,NNW,MCKINLEY PARK,07/14/2023,2040,41.8391,-87.6738,41.8391,-87.6738,"A large tree branch was down on a car on the 1800 block of S Damen Ave in the McKinley Park neighborhood of Chicago. A person was briefly trapped inside of the car although is believed to have gone unharmed.","During the evening of July 14, severe thunderstorms brought damaging winds to northern Illinois as well as one EF-0 tornado that tracked from Warrenville to Glen Ellyn.",49
1127008,COOK CO.,BUCKTOWN,07/14/2023,2042,Thunderstorm Wind,52.00, ,0,0,0,0,IL,CST-6,EG,184205,C,31,LOT,0,0,Law Enforcement, , , ,1,WNW,1,WNW,BUCKTOWN,07/14/2023,2042,41.9232,-87.6915,41.9232,-87.6915,"Power lines were down near Maplewood Ave and Belden Ave in the Bucktown neighborhood of Chicago.","During the evening of July 14, severe thunderstorms brought damaging winds to northern Illinois as well as one EF-0 tornado that tracked from Warrenville to Glen Ellyn.",50
1125111,COOK CO.,LINCOLN SQUARE,07/28/2023,2155,Thunderstorm Wind,52.00, ,0,0,0,0,IL,CST-6,EG,183070,C,31,LOT,0,0,Social Media, , , ,0,WSW,0,WSW,LINCOLN SQUARE,07/28/2023,2155,41.968,-87.6992,41.968,-87.6992,"A video shared via social media showed trees and tree limbs being blown down in the Lincoln Square neighborhood of Chicago. Time was estimated by radar.","July 28th saw two rounds of severe storms move across the Chicago metro, one during the predawn hours of the morning and another during the evening. The first round brought isolated instances of damaging wind to the area and the second featured damaging winds, severe hail, and 13 tornadoes across the WFO Chicago CWA: 11 in Illinois and 2 in Indiana. Additionally, temperatures in the 90s and high humidity resulted in oppressively hot conditions with afternoon heat indices as high as 105-115��F.",51
1125129,COOK CO.,ROGERS PARK,07/28/2023,2157,Thunderstorm Wind,52.00, ,0,0,0,0,IL,CST-6,EG,183070,C,31,LOT,0,0,Social Media, , , ,0,ENE,0,ENE,ROGERS PARK,07/28/2023,2157,42.0105,-87.6689,42.0105,-87.6689,"Photos shared via social media showed large tree branches downed in the Rogers Park neighborhood of Chicago. Time was estimated using radar.","July 28th saw two rounds of severe storms move across the Chicago metro, one during the predawn hours of the morning and another during the evening. The first round brought isolated instances of damaging wind to the area and the second featured damaging winds, severe hail, and 13 tornadoes across the WFO Chicago CWA: 11 in Illinois and 2 in Indiana. Additionally, temperatures in the 90s and high humidity resulted in oppressively hot conditions with afternoon heat indices as high as 105-115��F.",52
1125133,COOK CO.,OAK PARK,07/28/2023,2158,Thunderstorm Wind,52.00, ,0,0,0,0,IL,CST-6,EG,183070,C,31,LOT,0,0,Social Media, , , ,1,SSW,1,SSW,OAK PARK,07/28/2023,2158,41.8828,-87.7824,41.8828,-87.7824,"Photo shared via social media showed a large tree limb which had been blown down in Oak Park. Time was estimated using radar.","July 28th saw two rounds of severe storms move across the Chicago metro, one during the predawn hours of the morning and another during the evening. The first round brought isolated instances of damaging wind to the area and the second featured damaging winds, severe hail, and 13 tornadoes across the WFO Chicago CWA: 11 in Illinois and 2 in Indiana. Additionally, temperatures in the 90s and high humidity resulted in oppressively hot conditions with afternoon heat indices as high as 105-115��F.",53
1125136,COOK CO.,UPTOWN,07/28/2023,2159,Thunderstorm Wind,52.00, ,0,0,0,0,IL,CST-6,EG,183070,C,31,LOT,0,0,Broadcast Media, , , ,1,SSE,1,SSE,UPTOWN,07/28/2023,2159,41.9619,-87.6451,41.9619,-87.6451,"Broadcast media relayed a report of a tree snapped about halfway up along the Lakefront Trail in Montrose Harbor.","July 28th saw two rounds of severe storms move across the Chicago metro, one during the predawn hours of the morning and another during the evening. The first round brought isolated instances of damaging wind to the area and the second featured damaging winds, severe hail, and 13 tornadoes across the WFO Chicago CWA: 11 in Illinois and 2 in Indiana. Additionally, temperatures in the 90s and high humidity resulted in oppressively hot conditions with afternoon heat indices as high as 105-115��F.",54
1122559,COOK CO.,ALPINE,07/28/2023,2228,Thunderstorm Wind,52.00, ,0,0,0,0,IL,CST-6,EG,183070,C,31,LOT,0,0,Trained Spotter, , , ,2,S,2,S,ALPINE,07/28/2023,2228,41.5662,-87.8772,41.5662,-87.8772,"A trained spotter reported 6-inch diameter tree branches had been downed in the area. The spotter estimated 60 mph winds.","July 28th saw two rounds of severe storms move across the Chicago metro, one during the predawn hours of the morning and another during the evening. The first round brought isolated instances of damaging wind to the area and the second featured damaging winds, severe hail, and 13 tornadoes across the WFO Chicago CWA: 11 in Illinois and 2 in Indiana. Additionally, temperatures in the 90s and high humidity resulted in oppressively hot conditions with afternoon heat indices as high as 105-115��F.",55
1125205,COOK CO.,HOMEWOOD,07/28/2023,2230,Thunderstorm Wind,52.00, ,0,0,0,0,IL,CST-6,EG,183070,C,31,LOT,0,0,Social Media, , , ,1,W,1,W,HOMEWOOD,07/28/2023,2230,41.5619,-87.6651,41.5619,-87.6651,"Photos shared via social media show large tree limbs downed in Homewood. Time was estimated using radar.","July 28th saw two rounds of severe storms move across the Chicago metro, one during the predawn hours of the morning and another during the evening. The first round brought isolated instances of damaging wind to the area and the second featured damaging winds, severe hail, and 13 tornadoes across the WFO Chicago CWA: 11 in Illinois and 2 in Indiana. Additionally, temperatures in the 90s and high humidity resulted in oppressively hot conditions with afternoon heat indices as high as 105-115��F.",56
1125211,COOK CO.,THORNTON,07/28/2023,2233,Thunderstorm Wind,52.00, ,0,0,0,0,IL,CST-6,EG,183070,C,31,LOT,0,0,Public, , , ,0,NNW,0,NNW,THORNTON,07/28/2023,2233,41.5737,-87.6114,41.5737,-87.6114,"A large tree limb was downed onto a car in Thornton. Time was estimated using radar.","July 28th saw two rounds of severe storms move across the Chicago metro, one during the predawn hours of the morning and another during the evening. The first round brought isolated instances of damaging wind to the area and the second featured damaging winds, severe hail, and 13 tornadoes across the WFO Chicago CWA: 11 in Illinois and 2 in Indiana. Additionally, temperatures in the 90s and high humidity resulted in oppressively hot conditions with afternoon heat indices as high as 105-115��F.",57
1125218,COOK CO.,LANSING,07/28/2023,2234,Thunderstorm Wind,61.00, ,0,0,0,0,IL,CST-6,EG,183070,C,31,LOT,0,0,Public, , , ,0,ENE,0,ENE,LANSING,07/28/2023,2234,41.5628,-87.5329,41.5628,-87.5329,"Multiple trees were uprooted in Lansing. Time was estimated using radar.","July 28th saw two rounds of severe storms move across the Chicago metro, one during the predawn hours of the morning and another during the evening. The first round brought isolated instances of damaging wind to the area and the second featured damaging winds, severe hail, and 13 tornadoes across the WFO Chicago CWA: 11 in Illinois and 2 in Indiana. Additionally, temperatures in the 90s and high humidity resulted in oppressively hot conditions with afternoon heat indices as high as 105-115��F.",58
1120939,COOK CO.,ORLAND PARK,09/06/2023,458,Thunderstorm Wind,52.00, ,0,0,0,0,IL,CST-6,MG,183458,C,31,LOT,0,0,Mesonet, , , ,2,SE,2,SE,ORLAND PARK,09/06/2023,458,41.61,-87.82,41.61,-87.82,"A wind gust to 60 mph was measured.","Scattered thunderstorms moved across parts of northern Illinois during the morning of September 6th producing heavy rain, localized flooding and localized wind damage.",59
